seqname,tax_id
1_RecA,s__Acidobacterium_ailaaui
2_RecA,s__Candidatus_Koribacter_versatilis
3_RecA,s__Granulicella_mallensis
4_RecA,s__Terriglobus_saanensis
5_RecA,s__Bryobacter_aggregatus
6_RecA,s__Bryobacter_aggregatus
7_RecA,s__Candidatus_Solibacter_usitatus
8_RecA,s__Candidatus_Solibacter_usitatus
9_RecA,s__Geothrix_fermentans
10_RecA,s__Ferrimicrobium_acidiphilum
11_RecA,s__Ilumatobacter_coccineus
12_RecA,s__Candidatus_Microthrix_parvicella
13_RecA,s__Actinobaculum_massiliense
14_RecA,s__Actinobaculum_sp._oral_taxon_183
15_RecA,s__Actinomyces_dentalis
16_RecA,s__Actinomyces_massiliensis
17_RecA,s__Actinomyces_sp._oral_taxon_848
18_RecA,s__Actinotignum_schaalii
19_RecA,s__Actinotignum_urinale
20_RecA,s__Arcanobacterium_haemolyticum
21_RecA,s__Fannyhessea_vaginae
22_RecA,s__Gleimia_europaea
23_RecA,s__Mobiluncus_mulieris
24_RecA,s__Schaalia_vaccimaxillae
25_RecA,s__Varibaculum_cambriense
26_RecA,s__Winkia_neuii
27_RecA,s__Actinopolyspora_halophila
28_RecA,s__Bifidobacterium_bifidum
29_RecA,s__Scardovia_inopinata
30_RecA,s__Catenulispora_acidiphila
31_RecA,s__Corynebacterium_ihumii
32_RecA,s__Corynebacterium_jeikeium
33_RecA,s__Corynebacterium_urealyticum
34_RecA,s__Mycobacterium_asiaticum
35_RecA,s__Nocardia_exalbida
36_RecA,s__Nocardia_sp._BMG51109
37_RecA,s__Frankia_sp._EAN1pec
38_RecA,s__Blastococcus_saxobsidens
39_RecA,s__Candidatus_Blastococcus_massiliensis
40_RecA,s__Haloglycomyces_albus
41_RecA,s__Stackebrandtia_nassauensis
42_RecA,s__Kineococcus_radiotolerans
43_RecA,s__Brevibacterium_linens
44_RecA,s__Brevibacterium_mcbrellneri
45_RecA,s__Brevibacterium_ravenspurgense
46_RecA,s__Brevibacterium_senegalense
47_RecA,s__Cellulomonas_flavigena
48_RecA,s__Cellulomonas_massiliensis
49_RecA,s__Paraoerskovia_marina
50_RecA,s__Demequina_mangrovi
51_RecA,s__Brachybacterium_squillarum
52_RecA,s__Dermacoccus_sp._Ellin185
53_RecA,s__Mobilicoccus_pelagius
54_RecA,s__Terracoccus_sp._273MFTsu3.1
55_RecA,s__Jonesia_denitrificans
56_RecA,s__Jonesia_quinghaiensis
57_RecA,s__Kytococcus_sedentarius
58_RecA,s__Agromyces_italicus
59_RecA,s__Candidatus_Aquiluna_sp._IMCC13023
60_RecA,s__Clavibacter_michiganensis
61_RecA,s__Curtobacterium_sp._S6
62_RecA,s__Gulosibacter_faecalis
63_RecA,s__Leifsonia_xyli
64_RecA,s__Leucobacter_chromiiresistens
65_RecA,s__Microbacterium_profundi
66_RecA,s__Microbacterium_sp._KROCY2
67_RecA,s__Microbacterium_sp._URHA0036
68_RecA,s__Microbacterium_testaceum
69_RecA,s__Rhodoluna_lacicola
70_RecA,s__Nesterenkonia_massiliensis
71_RecA,s__Nesterenkonia_sp._F
72_RecA,s__Renibacterium_salmoninarum
73_RecA,s__Rothia_dentocariosa
74_RecA,s__Yaniella_halotolerans
75_RecA,s__Ornithinimicrobium_pekingense
76_RecA,s__Serinicoccus_marinus
77_RecA,s__Cellulosimicrobium_cellulans
78_RecA,s__Tropheryma_whipplei
79_RecA,s__Actinoplanes_sp._N902-109
80_RecA,s__Catenuloplanes_japonicus
81_RecA,s__Dactylosporangium_aurantiacum
82_RecA,s__Hamadaea_tsunoensis
83_RecA,s__Micromonospora_lupini
84_RecA,s__Salinispora_tropica
85_RecA,s__Nakamurella_multipartita
86_RecA,s__Aeromicrobium_marinum
87_RecA,s__Aeromicrobium_massiliense
88_RecA,s__Nocardioides_sp._JS614
89_RecA,s__Acidipropionibacterium_jensenii
90_RecA,s__Aestuariimicrobium_kwangyangense
91_RecA,s__Arachnia_propionica
92_RecA,s__Cutibacterium_granulosum
93_RecA,s__Propionimicrobium_sp._BV2F7
94_RecA,s__Streptacidiphilus_carbonis
95_RecA,s__Streptomyces_viridosporus
96_RecA,s__Streptomyces_wedmorensis
97_RecA,s__Nocardiopsis_alba
98_RecA,s__Nocardiopsis_baichengensis
99_RecA,s__Nocardiopsis_dassonvillei
100_RecA,s__Nocardiopsis_valliformis
101_RecA,s__Thermobispora_bispora
102_RecA,s__Actinomadura_atramentaria
103_RecA,s__Actinomadura_atramentaria
104_RecA,s__Thermomonospora_curvata
105_RecA,s__Atopobium_sp._oral_taxon_810
106_RecA,s__Lancefieldella_parvula
107_RecA,s__Olsenella_profusa
108_RecA,s__Enorma_massiliensis
109_RecA,s__Cryptobacterium_curtum
110_RecA,s__Eggerthella_sp._YY7918
111_RecA,s__Slackia_exigua
112_RecA,s__Rubrobacter_radiotolerans
113_RecA,s__Rubrobacter_xylanophilus
114_RecA,s__Conexibacter_woesei
115_RecA,s__Conexibacter_woesei
116_RecA,s__Patulibacter_americanus
117_RecA,s__Aquifex_aeolicus
118_RecA,s__Hydrogenobacter_thermophilus
119_RecA,s__Hydrogenobaculum_sp._HO
120_RecA,s__Thermocrinis_albus
121_RecA,s__Thermocrinis_albus
122_RecA,s__Persephonella_sp._IF05-L8
123_RecA,s__Sulfurihydrogenibium_subterraneum
124_RecA,s__Desulfurobacterium_sp._TC5-1
125_RecA,s__Desulfurobacterium_thermolithotrophum
126_RecA,s__Thermovibrio_ammonificans
127_RecA,s__Chthonomonas_calidirosea
128_RecA,s__Fimbriimonas_ginsengisoli
129_RecA,s__Bacteroides_graminisolvens
130_RecA,s__Barnesiella_viscericola
131_RecA,s__Coprobacter_fastidiosus
132_RecA,s__Dysgonomonas_mossii
133_RecA,s__Proteiniphilum_acetatigenes
134_RecA,s__Odoribacter_laneus
135_RecA,s__Porphyromonas_asaccharolytica
136_RecA,s__Porphyromonas_bennonis
137_RecA,s__Porphyromonas_cangingivalis
138_RecA,s__Porphyromonas_canoris
139_RecA,s__Porphyromonas_catoniae
140_RecA,s__Porphyromonas_crevioricanis
141_RecA,s__Porphyromonas_endodontalis
142_RecA,s__Porphyromonas_gingivalis
143_RecA,s__Porphyromonas_gingivicanis
144_RecA,s__Porphyromonas_levii
145_RecA,s__Porphyromonas_macacae
146_RecA,s__Porphyromonas_sp._COT-239_OH1446
147_RecA,s__Porphyromonas_sp._KLE_1280
148_RecA,s__Alloprevotella_tannerae
149_RecA,s__Prevotella_sp._oral_taxon_473
150_RecA,s__Prevotella_sp._oral_taxon_473
151_RecA,s__Prevotella_amnii
152_RecA,s__Prevotella_bivia
153_RecA,s__Prevotella_copri
154_RecA,s__Prevotella_marshii
155_RecA,s__Prevotella_micans
156_RecA,s__Prevotella_oulorum
157_RecA,s__Prevotella_salivae
158_RecA,s__Prevotella_sp._10(H)
159_RecA,s__Prevotella_sp._AGR2160
160_RecA,s__Prevotella_sp._oral_taxon_317
161_RecA,s__Alistipes_ihumii
162_RecA,s__Alistipes_sp._HGB5
163_RecA,s__Mucinivorans_hirudinis
164_RecA,s__Rikenella_microfusus
165_RecA,s__Parabacteroides_merdae
166_RecA,s__Tannerella_forsythia
167_RecA,s__Alkaliflexus_imshenetskii
168_RecA,s__Saccharicrinis_fermentans
169_RecA,s__Draconibacterium_orientale
170_RecA,s__Chitinophaga_pinensis
171_RecA,s__Sediminibacterium_sp._C3
172_RecA,s__Candidatus_Amoebophilus_asiaticus
173_RecA,s__Cardinium_endosymbiont_of_Bemisia_tabaci
174_RecA,s__Bernardetia_litoralis
175_RecA,s__Algoriphagus_mannitolivorans
176_RecA,s__Emticicia_oligotrophica
177_RecA,s__Leadbetterella_byssophila
178_RecA,s__Runella_slithyformis
179_RecA,s__Spirosoma_linguale
180_RecA,s__Flexithrix_dorotheae
181_RecA,s__Hymenobacter_swuensis
182_RecA,s__Microscilla_marina
183_RecA,s__Thermonema_rossianum
184_RecA,s__Blattabacterium_punctulatus
185_RecA,s__Crocinitomix_catalasitica
186_RecA,s__Fluviicola_taffensis
187_RecA,s__Aquimarina_agarilytica
188_RecA,s__Capnocytophaga_canimorsus
189_RecA,s__Capnocytophaga_cynodegmi
190_RecA,s__Capnocytophaga_ochracea
191_RecA,s__Capnocytophaga_sp._oral_taxon_326
192_RecA,s__Capnocytophaga_sp._oral_taxon_329
193_RecA,s__Capnocytophaga_sp._oral_taxon_332
194_RecA,s__Capnocytophaga_sp._oral_taxon_338
195_RecA,s__Cellulophaga_lytica
196_RecA,s__Flavobacterium_columnare
197_RecA,s__Flavobacterium_enshiense
198_RecA,s__Flavobacterium_limnosediminis
199_RecA,s__Kordia_algicida
200_RecA,s__Mesoflavibacter_zeaxanthinifaciens
201_RecA,s__Nonlabens_ulvanivorans
202_RecA,s__Ochrovirga_pacifica
203_RecA,s__Polaribacter_irgensii
204_RecA,s__Owenweeksia_hongkongensis
205_RecA,s__Schleiferia_thermophila
206_RecA,s__Chryseobacterium_gleum
207_RecA,s__Ornithobacterium_rhinotracheale
208_RecA,s__Riemerella_columbina
209_RecA,s__Weeksella_massiliensis
210_RecA,s__Haliscomenobacter_hydrossis
211_RecA,s__Lewinella_cohaerens
212_RecA,s__Aureispira_sp._CCB-QB1
213_RecA,s__Saprospira_grandis
214_RecA,s__Mucilaginibacter_paludis
215_RecA,s__Olivibacter_sitiensis
216_RecA,s__Daejeonella_oryzae
217_RecA,s__Pedobacter_antarcticus
218_RecA,s__Pedobacter_borealis
219_RecA,s__Pedobacter_heparinus
220_RecA,s__Pedobacter_sp._BAL39
221_RecA,s__Solitalea_canadensis
222_RecA,s__Sphingobacterium_deserti
223_RecA,s__Sphingobacterium_paucimobilis
224_RecA,s__Sphingobacterium_sp._21
225_RecA,s__Sphingobacterium_sp._ML3W
226_RecA,s__Sphingobacterium_spiritivorum
227_RecA,s__Gracilimonas_tropica
228_RecA,s__Caldisericum_exile
229_RecA,s__Caldithrix_abyssi
230_RecA,s__Candidatus_Rubidus_massiliensis
231_RecA,s__Chlamydia_psittaci
232_RecA,s__Criblamydia_sequanensis
233_RecA,s__Candidatus_Protochlamydia_amoebophila
234_RecA,s__Parachlamydia_acanthamoebae
235_RecA,s__Simkania_negevensis
236_RecA,s__Chlorobium_limicola
237_RecA,s__Chlorobium_phaeobacteroides
238_RecA,s__Chloroherpeton_thalassium
239_RecA,s__Prosthecochloris_aestuarii
240_RecA,s__Anaerolinea_thermophila
241_RecA,s__Caldilinea_aerophila
242_RecA,s__Roseiflexus_castenholzii
243_RecA,s__Herpetosiphon_aurantiacus
244_RecA,s__Dehalococcoides_mccartyi
245_RecA,s__Ktedonobacter_racemifer
246_RecA,s__Thermogemmatispora_carboxidivorans
247_RecA,s__Sphaerobacter_thermophilus
248_RecA,s__Thermomicrobium_roseum
249_RecA,s__Thermomicrobium_roseum
250_RecA,s__Chrysiogenes_arsenatis
251_RecA,s__Desulfurispirillum_indicum
252_RecA,s__Coprothermobacter_platensis
253_RecA,s__Gloeobacter_kilaueensis
254_RecA,s__Calditerrivibrio_nitroreducens
255_RecA,s__Deferribacter_desulfuricans
256_RecA,s__Denitrovibrio_acetiphilus
257_RecA,s__Flexistipes_sinusarabici
258_RecA,s__Geovibrio_sp._L21-Ace-BES
259_RecA,s__Mucispirillum_schaedleri
260_RecA,s__Deinococcus_misasensis
261_RecA,s__Deinococcus_peraridilitoris
262_RecA,s__Deinococcus_phoenicis
263_RecA,s__Marinithermus_hydrothermalis
264_RecA,s__Meiothermus_ruber
265_RecA,s__Oceanithermus_profundus
266_RecA,s__Thermus_sp._CCB_US3_UF1
267_RecA,s__Truepera_radiovictrix
268_RecA,s__Dictyoglomus_thermophilum
269_RecA,s__Chitinivibrio_alkaliphilus
270_RecA,s__Fibrobacter_succinogenes
271_RecA,s__Alicyclobacillus_acidocaldarius
272_RecA,s__Alicyclobacillus_contaminans
273_RecA,s__Alicyclobacillus_macrosporangiidus
274_RecA,s__Effusibacillus_pohliae
275_RecA,s__Kyrpidia_tusciae
276_RecA,s__Tumebacillus_flagellatus
277_RecA,s__Alkalicoccus_chagannorensis
278_RecA,s__Alkalihalobacillus_alcalophilus
279_RecA,s__Alkalihalobacillus_pseudofirmus
280_RecA,s__Anoxybacillus_tepidamans
281_RecA,s__Bacillus_aidingensis
282_RecA,s__Bacillus_andreraoultii
283_RecA,s__Bacillus_anthracis
284_RecA,s__Bacillus_cytotoxicus
285_RecA,s__Bacillus_dielmoensis
286_RecA,s__Bacillus_gaemokensis
287_RecA,s__Bacillus_methanolicus
288_RecA,s__Bacillus_pumilus
289_RecA,s__Bacillus_sp._37MA
290_RecA,s__Bacillus_sp._37MA
291_RecA,s__Bacillus_sp._JCM_19046
292_RecA,s__Bacillus_vietnamensis
293_RecA,s__Caldalkalibacillus_thermarum
294_RecA,s__Caldibacillus_thermoamylovorans
295_RecA,s__Gracilibacillus_boraciitolerans
296_RecA,s__Gracilibacillus_lacisalsi
297_RecA,s__Ornithinibacillus_scapharcae
298_RecA,s__Parageobacillus_thermoglucosidasius
299_RecA,s__Priestia_megaterium
300_RecA,s__Priestia_megaterium
301_RecA,s__Salimicrobium_jeotgali
302_RecA,s__Salsuginibacillus_kocurii
303_RecA,s__Virgibacillus_massiliensis
304_RecA,s__Thermicanus_aegyptius
305_RecA,s__Listeria_weihenstephanensis
306_RecA,s__Aneurinibacillus_aneurinilyticus
307_RecA,s__Brevibacillus_brevis
308_RecA,s__Brevibacillus_laterosporus
309_RecA,s__Brevibacillus_laterosporus
310_RecA,s__Cohnella_laeviribosi
311_RecA,s__Paenibacillus_alvei
312_RecA,s__Paenibacillus_curdlanolyticus
313_RecA,s__Paenibacillus_peoriae
314_RecA,s__Paenibacillus_polymyxa
315_RecA,s__Paenibacillus_sp._A9
316_RecA,s__Paenibacillus_sp._FSL_H7-689
317_RecA,s__Paenibacillus_sp._MAEPY2
318_RecA,s__Paenibacillus_sp._TCA20
319_RecA,s__Paenibacillus_sp._TCA20
320_RecA,s__Paenibacillus_sp._oral_taxon_786
321_RecA,s__Kurthia_huakuii
322_RecA,s__Kurthia_massiliensis
323_RecA,s__Kurthia_sp._Dielmo
324_RecA,s__Planococcus_antarcticus
325_RecA,s__Solibacillus_silvestris
326_RecA,s__Sporosarcina_sp._D27
327_RecA,s__Sporosarcina_sp._EUR3_2.2.2
328_RecA,s__Viridibacillus_arenosi
329_RecA,s__Sporolactobacillus_vineae
330_RecA,s__Jeotgalicoccus_saudimassiliensis
331_RecA,s__Nosocomiicoccus_massiliensis
332_RecA,s__Salinicoccus_albus
333_RecA,s__Staphylococcus_chromogenes
334_RecA,s__Laceyella_sacchari
335_RecA,s__Shimazuella_kribbensis
336_RecA,s__Thermoactinomyces_daqus
337_RecA,s__Abiotrophia_defectiva
338_RecA,s__Aerococcus_urinae
339_RecA,s__Aerococcus_viridans
340_RecA,s__Eremococcus_coleocola
341_RecA,s__Facklamia_hominis
342_RecA,s__Facklamia_ignava
343_RecA,s__Facklamia_languida
344_RecA,s__Alkalibacterium_sp._AK22
345_RecA,s__Allofustis_seminis
346_RecA,s__Atopobacter_phocae
347_RecA,s__Atopococcus_tabaci
348_RecA,s__Carnobacterium_gallinarum
349_RecA,s__Carnobacterium_inhibens
350_RecA,s__Dolosigranulum_pigrum
351_RecA,s__Granulicatella_elegans
352_RecA,s__Lacticigenium_naphthae
353_RecA,s__Catellicoccus_marimammalium
354_RecA,s__Enterococcus_asini
355_RecA,s__Enterococcus_avium
356_RecA,s__Enterococcus_casseliflavus
357_RecA,s__Enterococcus_cecorum
358_RecA,s__Enterococcus_durans
359_RecA,s__Enterococcus_faecalis
360_RecA,s__Enterococcus_faecalis
361_RecA,s__Enterococcus_gallinarum
362_RecA,s__Enterococcus_haemoperoxidus
363_RecA,s__Enterococcus_hirae
364_RecA,s__Enterococcus_malodoratus
365_RecA,s__Enterococcus_pallens
366_RecA,s__Enterococcus_raffinosus
367_RecA,s__Enterococcus_villorum
368_RecA,s__Apilactobacillus_kunkeei
369_RecA,s__Companilactobacillus_farciminis
370_RecA,s__Fructilactobacillus_florum
371_RecA,s__Furfurilactobacillus_rossiae
372_RecA,s__Furfurilactobacillus_rossiae
373_RecA,s__Lacticaseibacillus_casei
374_RecA,s__Lacticaseibacillus_casei
375_RecA,s__Lacticaseibacillus_zeae
376_RecA,s__Lactiplantibacillus_plantarum
377_RecA,s__Lactobacillus_delbrueckii
378_RecA,s__Lactobacillus_equicursoris
379_RecA,s__Lactobacillus_iners
380_RecA,s__Lactobacillus_pasteurii
381_RecA,s__Lactobacillus_psittaci
382_RecA,s__Lactobacillus_sp._wkB10
383_RecA,s__Latilactobacillus_fuchuensis
384_RecA,s__Latilactobacillus_sakei
385_RecA,s__Lentilactobacillus_buchneri
386_RecA,s__Lentilactobacillus_buchneri
387_RecA,s__Lentilactobacillus_buchneri
388_RecA,s__Lentilactobacillus_curieae
389_RecA,s__Lentilactobacillus_parafarraginis
390_RecA,s__Leuconostoc_gelidum
391_RecA,s__Levilactobacillus_parabrevis
392_RecA,s__Ligilactobacillus_animalis
393_RecA,s__Ligilactobacillus_ceti
394_RecA,s__Ligilactobacillus_hayakitensis
395_RecA,s__Ligilactobacillus_ruminis
396_RecA,s__Limosilactobacillus_antri
397_RecA,s__Limosilactobacillus_fermentum
398_RecA,s__Limosilactobacillus_reuteri
399_RecA,s__Loigolactobacillus_coryniformis
400_RecA,s__Oenococcus_kitaharae
401_RecA,s__Pediococcus_acidilactici
402_RecA,s__Pediococcus_claussenii
403_RecA,s__Pediococcus_pentosaceus
404_RecA,s__Schleiferilactobacillus_harbinensis
405_RecA,s__Schleiferilactobacillus_harbinensis
406_RecA,s__Secundilactobacillus_malefermentans
407_RecA,s__Weissella_confusa
408_RecA,s__Weissella_halotolerans
409_RecA,s__Weissella_koreensis
410_RecA,s__Weissella_oryzae
411_RecA,s__Lactococcus_garvieae
412_RecA,s__Lactococcus_garvieae
413_RecA,s__Streptococcus_sanguinis
414_RecA,s__Caldicoprobacter_oshimai
415_RecA,s__Alkaliphilus_metalliredigens
416_RecA,s__Alkaliphilus_transvaalensis
417_RecA,s__Butyricicoccus_pullicaecorum
418_RecA,s__Caldisalinibacter_kiritimatiensis
419_RecA,s__Caloramator_australicus
420_RecA,s__Candidatus_Arthromitus_sp._SFB-rat-Yit
421_RecA,s__Clostridium_acetobutylicum
422_RecA,s__Clostridium_algidicarnis
423_RecA,s__Clostridium_amazonitimonense
424_RecA,s__Clostridium_bornimense
425_RecA,s__Clostridium_bornimense
426_RecA,s__Clostridium_botulinum
427_RecA,s__Clostridium_butyricum
428_RecA,s__Clostridium_celatum
429_RecA,s__Clostridium_cellulovorans
430_RecA,s__Clostridium_cellulovorans
431_RecA,s__Clostridium_lundense
432_RecA,s__Clostridium_novyi
433_RecA,s__Clostridium_saccharobutylicum
434_RecA,s__Clostridium_saudiense
435_RecA,s__Clostridium_senegalense
436_RecA,s__Clostridium_sp._12(A)
437_RecA,s__Clostridium_sp._7_2_43FAA
438_RecA,s__Clostridium_sp._ASBs410
439_RecA,s__Clostridium_sp._ATCC_29733
440_RecA,s__Clostridium_sp._Ade.TY
441_RecA,s__Clostridium_sp._CL-2
442_RecA,s__Clostridium_sp._HMP27
443_RecA,s__Clostridium_sp._HMP27
444_RecA,s__Clostridium_sp._KNHs205
445_RecA,s__Clostridium_sp._KNHs214
446_RecA,s__Clostridium_sp._MD294
447_RecA,s__Clostridium_sp._MSTE9
448_RecA,s__Clostridium_sp._SY8519
449_RecA,s__Clostridium_sulfidigenes
450_RecA,s__Clostridium_sulfidigenes
451_RecA,s__Clostridium_tyrobutyricum
452_RecA,s__Proteiniclasticum_ruminis
453_RecA,s__Thermobrachium_celere
454_RecA,s__Youngiibacter_fragilis
455_RecA,s__Youngiibacter_fragilis
456_RecA,s__Anaerovorax_odorimutans
457_RecA,s__Mogibacterium_sp._CM50
458_RecA,s__Sulfobacillus_acidophilus
459_RecA,s__Thermaerobacter_subterraneus
460_RecA,s__Acetobacterium_woodii
461_RecA,s__Anaerofustis_stercorihominis
462_RecA,s__Eubacterium_limosum
463_RecA,s__Eubacterium_plexicaudatum
464_RecA,s__Eubacterium_ramulus
465_RecA,s__Eubacterium_sp._14-2
466_RecA,s__Eubacterium_sp._AB3007
467_RecA,s__Eubacterium_ventriosum
468_RecA,s__Eubacterium_xylanophilum
469_RecA,s__[Eubacterium]_cellulosolvens
470_RecA,s__Pseudoramibacter_alactolyticus
471_RecA,s__Heliomicrobium_modesticaldum
472_RecA,s__Anaerobutyricum_hallii
473_RecA,s__Blautia_hansenii
474_RecA,s__Blautia_hydrogenotrophica
475_RecA,s__Blautia_obeum
476_RecA,s__Blautia_wexlerae
477_RecA,s__Butyrivibrio_crossotus
478_RecA,s__Butyrivibrio_sp._XPD2006
479_RecA,s__Catonella_morbi
480_RecA,s__Cellulosilyticum_lentocellum
481_RecA,s__Coprococcus_eutactus
482_RecA,s__Dorea_formicigenerans
483_RecA,s__Enterocloster_bolteae
484_RecA,s__Johnsonella_ignava
485_RecA,s__Lachnoanaerobaculum_saburreum
486_RecA,s__Lachnobacterium_bovis
487_RecA,s__Lachnoclostridium_phytofermentans
488_RecA,s__[Clostridium]_aminophilum
489_RecA,s__Lachnospira_multipara
490_RecA,s__Lacrimispora_saccharolytica
491_RecA,s__Marvinbryantia_formatexigens
492_RecA,s__Oribacterium_parvum
493_RecA,s__Oribacterium_sp._FC2011
494_RecA,s__Oribacterium_sp._oral_taxon_078
495_RecA,s__Pseudobutyrivibrio_ruminis
496_RecA,s__Pseudobutyrivibrio_sp._LB2011
497_RecA,s__Robinsoniella_peoriensis
498_RecA,s__Robinsoniella_peoriensis
499_RecA,s__Roseburia_inulinivorans
500_RecA,s__Shuttleworthia_satelles
501_RecA,s__Stomatobaculum_longum
502_RecA,s__Acetivibrio_thermocellus
503_RecA,s__Agathobaculum_desmolans
504_RecA,s__Anaerotruncus_sp._G3(2012)
505_RecA,s__Ethanoligenens_harbinense
506_RecA,s__Faecalibacterium_prausnitzii
507_RecA,s__Flavonifractor_plautii
508_RecA,s__Mageeibacillus_indolicus
509_RecA,s__Oscillibacter_ruminantium
510_RecA,s__Oscillibacter_sp._ER4
511_RecA,s__Pseudoflavonifractor_capillosus
512_RecA,s__Ruminiclostridium_papyrosolvens
513_RecA,s__Ruminococcus_albus
514_RecA,s__Ruminococcus_callidus
515_RecA,s__Ruminococcus_callidus
516_RecA,s__Ruminococcus_flavefaciens
517_RecA,s__Ruminococcus_gauvreauii
518_RecA,s__Ruminococcus_sp._FC2018
519_RecA,s__Ruminococcus_sp._HUN007
520_RecA,s__Ruminococcus_sp._NK3A76
521_RecA,s__Subdoligranulum_sp._4_3_54A2FAA
522_RecA,s__Subdoligranulum_variabile
523_RecA,s__Thermoclostridium_stercorarium
524_RecA,s__Candidatus_Desulforudis_audaxviator
525_RecA,s__Dehalobacter_sp._CF
526_RecA,s__Desulfallas_gibsoniae
527_RecA,s__Desulfitobacterium_dichloroeliminans
528_RecA,s__Desulfitobacterium_metallireducens
529_RecA,s__Desulfofarcimen_acetoxidans
530_RecA,s__Desulfofundulus_kuznetsovii
531_RecA,s__Desulfohalotomaculum_alkaliphilum
532_RecA,s__Desulfosporosinus_acidiphilus
533_RecA,s__Desulfosporosinus_meridiei
534_RecA,s__Desulfosporosinus_sp._OT
535_RecA,s__Desulfotomaculum_ruminis
536_RecA,s__Desulfurispora_thermophila
537_RecA,s__Pelotomaculum_thermopropionicum
538_RecA,s__Syntrophobotulus_glycolicus
539_RecA,s__Thermincola_potens
540_RecA,s__Acetoanaerobium_sticklandii
541_RecA,s__Filifactor_alocis
542_RecA,s__Paraclostridium_bifermentans
543_RecA,s__[Eubacterium]_yurii
544_RecA,s__Peptoclostridium_acidaminophilum
545_RecA,s__Peptoclostridium_litorale
546_RecA,s__Peptostreptococcus_anaerobius
547_RecA,s__Peptostreptococcus_stomatis
548_RecA,s__Proteocatella_sphenisci
549_RecA,s__Symbiobacterium_thermophilum
550_RecA,s__Dethiobacter_alkaliphilus
551_RecA,s__Syntrophomonas_wolfei
552_RecA,s__Syntrophothermus_lipocalidus
553_RecA,s__Halanaerobium_praevalens
554_RecA,s__Halothermothrix_orenii
555_RecA,s__Acetohalobium_arabaticum
556_RecA,s__Halobacteroides_halobius
557_RecA,s__Halonatronum_saccharophilum
558_RecA,s__Natranaerobius_thermophilus
559_RecA,s__Ammonifex_degensii
560_RecA,s__Caldanaerobius_polysaccharolyticus
561_RecA,s__Carboxydothermus_hydrogenoformans
562_RecA,s__Desulfovirgula_thermocuniculi
563_RecA,s__Moorella_thermoacetica
564_RecA,s__Moorella_thermoacetica
565_RecA,s__Thermacetogenium_phaeum
566_RecA,s__Thermoanaerobacter_kivui
567_RecA,s__Thermoanaerobacter_wiegelii
568_RecA,s__Caldicellulosiruptor_bescii
569_RecA,s__Caldicellulosiruptor_obsidiansis
570_RecA,s__Thermoanaerobacterium_thermosaccharolyticum
571_RecA,s__Mahella_australiensis
572_RecA,s__Thermodesulfobium_narugense
573_RecA,s__Tepidanaerobacter_acetatoxydans
574_RecA,s__Thermosediminibacter_oceani
575_RecA,s__Kandleria_vitulina
576_RecA,s__Allobaculum_stercoricanis
577_RecA,s__Amedibacillus_dolichus
578_RecA,s__Bulleidia_extructa
579_RecA,s__Candidatus_Stoquefichus_massiliensis
580_RecA,s__[Clostridium]_spiroforme
581_RecA,s__Erysipelothrix_rhusiopathiae
582_RecA,s__Holdemanella_biformis
583_RecA,s__Holdemania_massiliensis
584_RecA,s__Turicibacter_sanguinis
585_RecA,s__Acidaminococcus_fermentans
586_RecA,s__Phascolarctobacterium_succinatutens
587_RecA,s__Succinispira_mobilis
588_RecA,s__Anaerovibrio_sp._RM50
589_RecA,s__Megamonas_hypermegale
590_RecA,s__Propionispira_raffinosivorans
591_RecA,s__Propionispira_raffinosivorans
592_RecA,s__Selenomonas_flueggei
593_RecA,s__Selenomonas_ruminantium
594_RecA,s__Selenomonas_ruminantium
595_RecA,s__Selenomonas_sp._AE3005
596_RecA,s__Selenomonas_sp._AE3005
597_RecA,s__Selenomonas_sp._ND2010
598_RecA,s__Selenomonas_sp._oral_taxon_137
599_RecA,s__Selenomonas_sputigena
600_RecA,s__Acetonema_longum
601_RecA,s__Acetonema_longum
602_RecA,s__Anaeroarcus_burkinensis
603_RecA,s__Pelosinus_sp._UFO1
604_RecA,s__Sporomusa_ovata
605_RecA,s__Thermosinus_carboxydivorans
606_RecA,s__Dialister_succinatiphilus
607_RecA,s__Megasphaera_massiliensis
608_RecA,s__Megasphaera_micronuciformis
609_RecA,s__Veillonella_dispar
610_RecA,s__Veillonella_seminalis
611_RecA,s__Veillonella_sp._oral_taxon_780
612_RecA,s__Gottschalkia_acidurici
613_RecA,s__Anaerococcus_prevotii
614_RecA,s__Anaerococcus_senegalensis
615_RecA,s__Finegoldia_magna
616_RecA,s__Helcococcus_kunzii
617_RecA,s__Helcococcus_sueciensis
618_RecA,s__Parvimonas_sp._oral_taxon_393
619_RecA,s__Peptoniphilus_duerdenii
620_RecA,s__Peptoniphilus_indolicus
621_RecA,s__Peptoniphilus_lacrimalis
622_RecA,s__Peptoniphilus_mikwangii
623_RecA,s__Peptoniphilus_sp._BV3C26
624_RecA,s__Peptoniphilus_sp._oral_taxon_375
625_RecA,s__Peptoniphilus_timonensis
626_RecA,s__Anaerosalibacter_massiliensis
627_RecA,s__Schnuerera_ultunensis
628_RecA,s__Cetobacterium_somerae
629_RecA,s__Fusobacterium_mortiferum
630_RecA,s__Fusobacterium_necrophorum
631_RecA,s__Fusobacterium_perfoetens
632_RecA,s__Fusobacterium_periodonticum
633_RecA,s__Fusobacterium_periodonticum
634_RecA,s__Fusobacterium_russii
635_RecA,s__Fusobacterium_ulcerans
636_RecA,s__Ilyobacter_polytropus
637_RecA,s__Leptotrichia_shahii
638_RecA,s__Streptobacillus_moniliformis
639_RecA,s__Gemmatimonas_phototrophica
640_RecA,s__Gemmatirosa_kalamazoonesis
641_RecA,s__Ignavibacterium_album
642_RecA,s__Melioribacter_roseus
643_RecA,s__Lentisphaera_araneosa
644_RecA,s__Candidatus_Nitromaritima_sp._AB-629-B18
645_RecA,s__Leptospirillum_ferrooxidans
646_RecA,s__Nitrospira_defluvii
647_RecA,s__Thermodesulfovibrio_yellowstonii
648_RecA,s__Candidatus_Jettenia_caeni
649_RecA,s__Candidatus_Scalindua_brodae
650_RecA,s__Phycisphaera_mikurensis
651_RecA,s__Gemmata_massiliana
652_RecA,s__Zavarzinella_formosa
653_RecA,s__Isosphaera_pallida
654_RecA,s__Singulisphaera_acidiphila
655_RecA,s__Blastopirellula_marina
656_RecA,s__Pirellula_staleyi
657_RecA,s__Rhodopirellula_sp._SWK7
658_RecA,s__Gimesia_maris
659_RecA,s__Planctopirus_limnophila
660_RecA,s__Rubinisphaera_brasiliensis
661_RecA,s__Schlesneria_paludicola
662_RecA,s__Acidithiobacillus_caldus
663_RecA,s__Thermithiobacillus_tepidarius
664_RecA,s__Asticcacaulis_sp._AC460
665_RecA,s__Brevundimonas_diminuta
666_RecA,s__Caulobacter_sp._K31
667_RecA,s__Phenylobacterium_zucineum
668_RecA,s__Candidatus_Paracaedimonas_acanthamoebae
669_RecA,s__Candidatus_Odyssella_thessalonicensis
670_RecA,s__Candidatus_Paracaedibacter_acanthamoebae
671_RecA,s__Candidatus_Paracaedibacter_symbiosus
672_RecA,s__Holospora_obtusa
673_RecA,s__Afifella_pfennigii
674_RecA,s__Amorphus_coralli
675_RecA,s__Aureimonas_ureilytica
676_RecA,s__Bartonella_grahamii
677_RecA,s__Rhodopseudomonas_palustris
678_RecA,s__Chelatococcus_sp._GW1
679_RecA,s__Devosia_sp._17-2-E-8
680_RecA,s__Devosia_sp._LC5
681_RecA,s__Pelagibacterium_halotolerans
682_RecA,s__Hyphomicrobium_denitrificans
683_RecA,s__Hyphomicrobium_zavarzinii
684_RecA,s__Rhodomicrobium_vannielii
685_RecA,s__Kaistia_granuli
686_RecA,s__Methylobacterium_sp._4-46
687_RecA,s__Microvirga_aerilata
688_RecA,s__Microvirga_lotononidis
689_RecA,s__Microvirga_lupini
690_RecA,s__Methylopila_sp._M107
691_RecA,s__Methylosinus_sp._LW4
692_RecA,s__Pleomorphomonas_koreensis
693_RecA,s__Parvibaculum_lavamentivorans
694_RecA,s__Tepidicaulis_marinus
695_RecA,s__Mesorhizobium_opportunistum
696_RecA,s__Candidatus_Liberibacter_asiaticus
697_RecA,s__Rhizobium_sp._YR519
698_RecA,s__Shinella_sp._DD12
699_RecA,s__Sinorhizobium_arboris
700_RecA,s__Lutibaculum_baratangense
701_RecA,s__Salinarimonas_rosea
702_RecA,s__Labrenzia_aggregata
703_RecA,s__Pseudovibrio_sp._FO-BEG1
704_RecA,s__Roseibium_sp._TrichSKD4
705_RecA,s__Henriciella_marina
706_RecA,s__Hirschia_baltica
707_RecA,s__Hirschia_maritima
708_RecA,s__Hyphomonas_adhaerens
709_RecA,s__Hyphomonas_atlantica
710_RecA,s__Hyphomonas_beringensis
711_RecA,s__Hyphomonas_pacifica
712_RecA,s__Hyphomonas_sp._CY54-11-8
713_RecA,s__Hyphomonas_sp._L-53-1-40
714_RecA,s__Ponticaulis_koreensis
715_RecA,s__Kiloniella_laminariae
716_RecA,s__Kordiimonas_gwangyangensis
717_RecA,s__Magnetococcus_marinus
718_RecA,s__Euryhalocaulis_caribicus
719_RecA,s__Maricaulis_maris
720_RecA,s__Oceanicaulis_sp._HL-87
721_RecA,s__Oceanicaulis_sp._HTCC2633
722_RecA,s__Woodsholea_maritima
723_RecA,s__Hellea_balneolensis
724_RecA,s__Robiginitomaculum_antarcticum
725_RecA,s__Parvularcula_bermudensis
726_RecA,s__Parvularcula_oceani
727_RecA,s__Candidatus_Pelagibacter_sp._IMCC9063
728_RecA,s__Candidatus_Pelagibacter_ubique
729_RecA,s__Candidatus_Pelagibacter_ubique
730_RecA,s__Neomegalonema_perideroedes
731_RecA,s__Paracoccus_pantotrophus
732_RecA,s__Polymorphum_gilvum
733_RecA,s__Roseovarius_mucosus
734_RecA,s__Salipiger_mucosus
735_RecA,s__Acetobacter_malorum
736_RecA,s__Acetobacter_nitrogenifigens
737_RecA,s__Acetobacter_okinawensis
738_RecA,s__Acetobacter_pasteurianus
739_RecA,s__Acidiphilium_angustum
740_RecA,s__Acidiphilium_cryptum
741_RecA,s__Acidocella_facilis
742_RecA,s__Belnapia_moabensis
743_RecA,s__Commensalibacter_intestini
744_RecA,s__Commensalibacter_sp._MX01
745_RecA,s__Granulibacter_bethesdensis
746_RecA,s__Komagataeibacter_rhaeticus
747_RecA,s__Saccharibacter_floricola
748_RecA,s__Saccharibacter_sp._AM169
749_RecA,s__Azospirillum_halopraeferens
750_RecA,s__Elioraea_tepidiphila
751_RecA,s__Geminicoccus_roseus
752_RecA,s__Caenispirillum_salinarum
753_RecA,s__Dongia_sp._URHE0060
754_RecA,s__Fodinicurvata_fenggangensis
755_RecA,s__Magnetospirillum_gryphiswaldense
756_RecA,s__Magnetospirillum_molischianum
757_RecA,s__Magnetospirillum_molischianum
758_RecA,s__Novispirillum_itersonii
759_RecA,s__Oceanibaculum_indicum
760_RecA,s__Rhodospirillum_centenum
761_RecA,s__Rhodospirillum_rubrum
762_RecA,s__Rhodovibrio_salinarum
763_RecA,s__Thalassospira_australica
764_RecA,s__Tistrella_mobilis
765_RecA,s__Terasakiella_pusilla
766_RecA,s__Anaplasma_marginale
767_RecA,s__Anaplasma_phagocytophilum
768_RecA,s__Ehrlichia_chaffeensis
769_RecA,s__Neorickettsia_sennetsu
770_RecA,s__Wolbachia_endosymbiont_of_Drosophila_melanogaster
771_RecA,s__Orientia_tsutsugamushi
772_RecA,s__Rickettsia_rickettsii
773_RecA,s__Novosphingobium_acidiphilum
774_RecA,s__Novosphingobium_nitrogenifigens
775_RecA,s__Sphingomonas_sp._UNC305MFCol5.2
776_RecA,s__Zymomonas_mobilis
777_RecA,s__Achromobacter_arsenitoxydans
778_RecA,s__Achromobacter_piechaudii
779_RecA,s__Alcaligenes_faecalis
780_RecA,s__Alcaligenes_faecalis
781_RecA,s__Basilea_psittacipulmonis
782_RecA,s__Bordetella_avium
783_RecA,s__Bordetella_hinzii
784_RecA,s__Castellaniella_defragrans
785_RecA,s__Taylorella_asinigenitalis
786_RecA,s__Candidatus_Glomeribacter_gigasporarum
787_RecA,s__Cupriavidus_taiwanensis
788_RecA,s__Mycetohabitans_rhizoxinica
789_RecA,s__Pandoraea_sp._SD6-2
790_RecA,s__Paraburkholderia_sacchari
791_RecA,s__Polynucleobacter_necessarius
792_RecA,s__Acidovorax_ebreus
793_RecA,s__Polaromonas_sp._JS666
794_RecA,s__Rhodoferax_ferrireducens
795_RecA,s__Janthinobacterium_agaricidamnosum
796_RecA,s__Parasutterella_excrementihominis
797_RecA,s__Sutterella_wadsworthensis
798_RecA,s__Sutterella_wadsworthensis
799_RecA,s__Andreprevotia_chitinilytica
800_RecA,s__Laribacter_hongkongensis
801_RecA,s__Pseudogulbenkiania_sp._NH8B
802_RecA,s__Alysiella_crassa
803_RecA,s__Eikenella_corrodens
804_RecA,s__Kingella_kingae
805_RecA,s__Neisseria_flavescens
806_RecA,s__Ferriphaselus_sp._R-1
807_RecA,s__Gallionella_capsiferriformans
808_RecA,s__Sideroxydans_lithotrophicus
809_RecA,s__Methylophilus_methylotrophus
810_RecA,s__Nitrosomonas_sp._AL212
811_RecA,s__Methyloversatilis_universalis
812_RecA,s__Thiobacillus_denitrificans
813_RecA,s__Dechloromonas_aromatica
814_RecA,s__Azoarcus_sp._KH32C
815_RecA,s__Uliginosibacterium_gangwonense
816_RecA,s__Desulfarculus_baarsii
817_RecA,s__Desulfatibacillum_alkenivorans
818_RecA,s__Desulfobacter_curvatus
819_RecA,s__Desulfobacterium_autotrophicum
820_RecA,s__Desulfococcus_multivorans
821_RecA,s__Desulfococcus_oleovorans
822_RecA,s__Desulforegula_conservatrix
823_RecA,s__Desulfosarcina_sp._BuS5
824_RecA,s__Desulfobulbus_japonicus
825_RecA,s__Desulfocapsa_sulfexigens
826_RecA,s__Desulfotalea_psychrophila
827_RecA,s__Desulfurivibrio_alkaliphilus
828_RecA,s__Desulfohalobium_retbaense
829_RecA,s__Desulfonatronovibrio_hydrogenovorans
830_RecA,s__Desulfonauticus_sp._A7A
831_RecA,s__Desulfomicrobium_baculatum
832_RecA,s__Bilophila_wadsworthia
833_RecA,s__Desulfocurvibacter_africanus
834_RecA,s__Desulfocurvus_vexinensis
835_RecA,s__Desulfohalovibrio_reitneri
836_RecA,s__Desulfovibrio_alaskensis
837_RecA,s__Desulfovibrio_aminophilus
838_RecA,s__Desulfovibrio_gigas
839_RecA,s__Desulfovibrio_longus
840_RecA,s__Desulfovibrio_magneticus
841_RecA,s__Desulfovibrio_oxyclinae
842_RecA,s__Desulfovibrio_sp._3_1_syn3
843_RecA,s__Desulfovibrio_sp._X2
844_RecA,s__Desulfovibrio_vulgaris
845_RecA,s__Halodesulfovibrio_aestuarii
846_RecA,s__Maridesulfovibrio_bastinii
847_RecA,s__Maridesulfovibrio_frigidus
848_RecA,s__Pseudodesulfovibrio_aespoeensis
849_RecA,s__Desulfurella_acetivorans
850_RecA,s__Hippea_maritima
851_RecA,s__Desulfuromonas_sp._TF
852_RecA,s__Geobacter_lovleyi
853_RecA,s__Geobacter_metallireducens
854_RecA,s__Geobacter_sp._M18
855_RecA,s__Geopsychrobacter_electrodiphilus
856_RecA,s__Anaeromyxobacter_dehalogenans
857_RecA,s__Anaeromyxobacter_sp._Fw109-5
858_RecA,s__Cystobacter_fuscus
859_RecA,s__Haliangium_ochraceum
860_RecA,s__Haliangium_ochraceum
861_RecA,s__Myxococcus_hansupus
862_RecA,s__Plesiocystis_pacifica
863_RecA,s__Plesiocystis_pacifica
864_RecA,s__Chondromyces_apiculatus
865_RecA,s__Chondromyces_apiculatus
866_RecA,s__Sorangium_cellulosum
867_RecA,s__Sorangium_cellulosum
868_RecA,s__Desulfobacca_acetoxidans
869_RecA,s__Desulfomonile_tiedjei
870_RecA,s__Syntrophus_aciditrophicus
871_RecA,s__Syntrophobacter_fumaroxidans
872_RecA,s__Syntrophorhabdus_aromaticivorans
873_RecA,s__Aliarcobacter_cibarius
874_RecA,s__Campylobacter_corcagiensis
875_RecA,s__Campylobacter_fetus
876_RecA,s__Campylobacter_gracilis
877_RecA,s__Campylobacter_hominis
878_RecA,s__Campylobacter_jejuni
879_RecA,s__Campylobacter_rectus
880_RecA,s__Campylobacter_sputorum
881_RecA,s__Campylobacter_ureolyticus
882_RecA,s__Sulfurospirillum_arcachonense
883_RecA,s__Sulfurospirillum_barnesii
884_RecA,s__Helicobacter_bizzozeronii
885_RecA,s__Helicobacter_felis
886_RecA,s__Wolinella_succinogenes
887_RecA,s__Nitratifractor_salsuginis
888_RecA,s__Candidatus_Sulfuricurvum_sp._RIFRC-1
889_RecA,s__Nautilia_profundicola
890_RecA,s__Aeromonas_salmonicida
891_RecA,s__Oceanimonas_smirnovii
892_RecA,s__Oceanimonas_sp._GK1
893_RecA,s__Anaerobiospirillum_succiniciproducens
894_RecA,s__Ruminobacter_sp._RM87
895_RecA,s__Succinimonas_amylolytica
896_RecA,s__Succinivibrio_dextrinosolvens
897_RecA,s__Alteromonas_naphthalenivorans
898_RecA,s__Alteromonas_sp._LOR
899_RecA,s__Catenovulum_agarivorans
900_RecA,s__Gayadomonas_joobiniege
901_RecA,s__Glaciecola_nitratireducens
902_RecA,s__Marinobacter_santoriniensis
903_RecA,s__Marinobacter_sp._ELB17
904_RecA,s__Salinimonas_chungwhensis
905_RecA,s__Colwellia_psychrerythraea
906_RecA,s__Ferrimonas_futtsuensis
907_RecA,s__Idiomarina_xiamenensis
908_RecA,s__Pseudidiomarina_atlantica
909_RecA,s__Pseudidiomarina_salinarum
910_RecA,s__Moritella_dasanensis
911_RecA,s__Pseudoalteromonas_atlantica
912_RecA,s__Pseudoalteromonas_rubra
913_RecA,s__Pseudoalteromonas_sp._SM9913
914_RecA,s__Psychromonas_ossibalaenae
915_RecA,s__Dichelobacter_nodosus
916_RecA,s__Cellvibrio_japonicus
917_RecA,s__Cellvibrio_sp._BR
918_RecA,s__Marinimicrobium_agarilyticum
919_RecA,s__Saccharophagus_degradans
920_RecA,s__Congregibacter_litoralis
921_RecA,s__Haliea_salexigens
922_RecA,s__Pseudohaliea_rubra
923_RecA,s__Microbulbifer_sp._HZ11
924_RecA,s__Porticoccus_hydrocarbonoclasticus
925_RecA,s__Dasania_marina
926_RecA,s__Spongiibacter_tropicus
927_RecA,s__Imhoffiella_purpurea
928_RecA,s__Nitrosococcus_halophilus
929_RecA,s__Nitrosococcus_oceani
930_RecA,s__Nitrosococcus_watsonii
931_RecA,s__Rheinheimera_baltica
932_RecA,s__Thiocapsa_marina
933_RecA,s__Thiorhodovibrio_sp._970
934_RecA,s__Alkalilimnicola_ehrlichii
935_RecA,s__Ectothiorhodospira_sp._PHS-1
936_RecA,s__Nitrococcus_mobilis
937_RecA,s__Spiribacter_curvatus
938_RecA,s__Spiribacter_salinus
939_RecA,s__Thioalkalivibrio_nitratireducens
940_RecA,s__Thioalkalivibrio_sp._ALE19
941_RecA,s__Thioalkalivibrio_sp._ALE31
942_RecA,s__Thioalkalivibrio_sp._ALE6
943_RecA,s__Thioalkalivibrio_sp._ALSr1
944_RecA,s__Thioalkalivibrio_sp._HK1
945_RecA,s__Thioalkalivibrio_sulfidiphilus
946_RecA,s__Thioalkalivibrio_thiocyanodenitrificans
947_RecA,s__Thiorhodospira_sibirica
948_RecA,s__Halothiobacillus_neapolitanus
949_RecA,s__Budvicia_aquatica
950_RecA,s__Candidatus_Riesia_pediculicola
951_RecA,s__Salmonella_enterica
952_RecA,s__Pantoea_rwandensis
953_RecA,s__Wigglesworthia_glossinidia
954_RecA,s__Wigglesworthia_glossinidia
955_RecA,s__Coxiella_burnetii
956_RecA,s__Rickettsiella_grylli
957_RecA,s__Legionella_lansingensis
958_RecA,s__Legionella_massiliensis
959_RecA,s__Methylobacter_tundripaludum
960_RecA,s__Methylococcus_capsulatus
961_RecA,s__Methylohalobius_crimeensis
962_RecA,s__Algiphilus_aromaticivorans
963_RecA,s__Nevskia_ramosa
964_RecA,s__Polycyclovorans_algicola
965_RecA,s__Solimonas_variicoloris
966_RecA,s__Alcanivorax_sp._DG881
967_RecA,s__Endozoicomonas_elysicola
968_RecA,s__Hahella_chejuensis
969_RecA,s__Hahella_ganghwensis
970_RecA,s__Halomonas_salina
971_RecA,s__Kangiella_aquimarina
972_RecA,s__Kangiella_koreensis
973_RecA,s__Marinomonas_mediterranea
974_RecA,s__Neptuniibacter_caesariensis
975_RecA,s__Neptunomonas_japonica
976_RecA,s__Thalassolituus_oleivorans
977_RecA,s__Saccharospirillum_impatiens
978_RecA,s__Aggregatibacter_actinomycetemcomitans
979_RecA,s__Gallibacterium_anatis
980_RecA,s__[Haemophilus]_ducreyi
981_RecA,s__Rodentibacter_pneumotropicus
982_RecA,s__Acinetobacter_baylyi
983_RecA,s__Acinetobacter_gyllenbergii
984_RecA,s__Acinetobacter_indicus
985_RecA,s__Acinetobacter_sp._ANC_3862
986_RecA,s__Acinetobacter_sp._ANC_4105
987_RecA,s__Acinetobacter_sp._Ver3
988_RecA,s__Acinetobacter_tandoii
989_RecA,s__Alkanindiges_illinoisensis
990_RecA,s__Moraxella_boevrei
991_RecA,s__Moraxella_caprae
992_RecA,s__Moraxella_macacae
993_RecA,s__Perlucidibaca_piscinae
994_RecA,s__Psychrobacter_arcticus
995_RecA,s__Pseudomonas_caeni
996_RecA,s__Pseudomonas_cremoricolorata
997_RecA,s__Pseudomonas_extremaustralis
998_RecA,s__Pseudomonas_mendocina
999_RecA,s__Pseudomonas_mosselii
1000_RecA,s__Pseudomonas_pelagia
1001_RecA,s__Pseudomonas_putida
1002_RecA,s__Pseudomonas_putida
1003_RecA,s__Pseudomonas_putida
1004_RecA,s__Salinisphaera_shabanensis
1005_RecA,s__Fangia_hongkongensis
1006_RecA,s__Francisella_philomiragia
1007_RecA,s__Cycloclasticus_zancles
1008_RecA,s__Hydrogenovibrio_crunogenus
1009_RecA,s__Hydrogenovibrio_sp._Milos-T1
1010_RecA,s__Methylophaga_frappieri
1011_RecA,s__Methylophaga_lonarensis
1012_RecA,s__Methylophaga_nitratireducenticrescens
1013_RecA,s__Thiomicrorhabdus_arctica
1014_RecA,s__Thiomicrospira_aerophila
1015_RecA,s__Thiomicrospira_pelophila
1016_RecA,s__Thiofilum_flexile
1017_RecA,s__Thiolinea_disciformis
1018_RecA,s__Beggiatoa_alba
1019_RecA,s__Leucothrix_mucor
1020_RecA,s__Thiothrix_nivea
1021_RecA,s__Grimontia_hollisae
1022_RecA,s__Vibrio_atlanticus
1023_RecA,s__Frateuria_aurantia
1024_RecA,s__Luteibacter_sp._9135
1025_RecA,s__Luteibacter_sp._9143
1026_RecA,s__Rhodanobacter_spathiphylli
1027_RecA,s__Pseudoxanthomonas_sp._GW2
1028_RecA,s__Silanimonas_lenta
1029_RecA,s__Bacteriovorax_sp._BAL6_X
1030_RecA,s__Bacteriovorax_sp._BSW11_IV
1031_RecA,s__Bacteriovorax_sp._Seq25_V
1032_RecA,s__Halobacteriovorax_marinus
1033_RecA,s__Bdellovibrio_bacteriovorus
1034_RecA,s__Bdellovibrio_exovorus
1035_RecA,s__Mariprofundus_ferrooxydans
1036_RecA,s__Brachyspira_intermedia
1037_RecA,s__Borrelia_anserina
1038_RecA,s__Borreliella_valaisiana
1039_RecA,s__Sediminispirochaeta_bajacaliforniensis
1040_RecA,s__Sphaerochaeta_coccoides
1041_RecA,s__Sphaerochaeta_globosa
1042_RecA,s__Spirochaeta_africana
1043_RecA,s__Spirochaeta_lutea
1044_RecA,s__Spirochaeta_thermophila
1045_RecA,s__Treponema_azotonutricium
1046_RecA,s__Treponema_bryantii
1047_RecA,s__Treponema_caldarium
1048_RecA,s__Treponema_denticola
1049_RecA,s__Treponema_lecithinolyticum
1050_RecA,s__Treponema_pallidum
1051_RecA,s__Treponema_phagedenis
1052_RecA,s__Treponema_primitia
1053_RecA,s__Treponema_saccharophilum
1054_RecA,s__Treponema_socranskii
1055_RecA,s__Treponema_sp._OMZ_838
1056_RecA,s__Treponema_succinifaciens
1057_RecA,s__Acetomicrobium_mobile
1058_RecA,s__Aminiphilus_circumscriptus
1059_RecA,s__Aminobacterium_mobile
1060_RecA,s__Dethiosulfovibrio_peptidovorans
1061_RecA,s__Jonquetella_anthropi
1062_RecA,s__Pyramidobacter_piscolens
1063_RecA,s__Synergistes_jonesii
1064_RecA,s__Synergistes_sp._3_1_syn1
1065_RecA,s__Thermanaerovibrio_velox
1066_RecA,s__Thermovirga_lienii
1067_RecA,s__Acholeplasma_axanthum
1068_RecA,s__Acholeplasma_laidlawii
1069_RecA,s__Acholeplasma_modicum
1070_RecA,s__Candidatus_Phytoplasma_mali
1071_RecA,s__Peanut_witches'-broom_phytoplasma
1072_RecA,s__Mesoplasma_florum
1073_RecA,s__Spiroplasma_apis
1074_RecA,s__Spiroplasma_chrysopicola
1075_RecA,s__Spiroplasma_culicicola
1076_RecA,s__Spiroplasma_sabaudiense
1077_RecA,s__Spiroplasma_taiwanense
1078_RecA,s__Haloplasma_contractile
1079_RecA,s__Candidatus_Hepatoplasma_crinochetorum
1080_RecA,s__Candidatus_Mycoplasma_girerdii
1081_RecA,s__Mycoplasma_alkalescens
1082_RecA,s__Mycoplasma_arthritidis
1083_RecA,s__Mycoplasma_crocodyli
1084_RecA,s__Mycoplasma_feriruminatoris
1085_RecA,s__Mycoplasma_gallisepticum
1086_RecA,s__Mycoplasma_genitalium
1087_RecA,s__Mycoplasma_haemofelis
1088_RecA,s__Mycoplasma_hominis
1089_RecA,s__Mycoplasma_hyopneumoniae
1090_RecA,s__Mycoplasma_hyorhinis
1091_RecA,s__Mycoplasma_iowae
1092_RecA,s__Mycoplasma_mobile
1093_RecA,s__Mycoplasma_penetrans
1094_RecA,s__Mycoplasma_pneumoniae
1095_RecA,s__Mycoplasma_putrefaciens
1096_RecA,s__Mycoplasma_yeatsii
1097_RecA,s__Mycoplasma_agalactiae
1098_RecA,s__Mycoplasma_alligatoris
1099_RecA,s__Mycoplasma_anatis
1100_RecA,s__Mycoplasma_bovigenitalium
1101_RecA,s__Mycoplasma_californicum
1102_RecA,s__Mycoplasma_canis
1103_RecA,s__Mycoplasma_columbinum
1104_RecA,s__Mycoplasma_fermentans
1105_RecA,s__Mycoplasma_pulmonis
1106_RecA,s__Mycoplasma_synoviae
1107_RecA,s__Ureaplasma_diversum
1108_RecA,s__Ureaplasma_parvum
1109_RecA,s__Thermodesulfatator_indicus
1110_RecA,s__Thermodesulfobacterium_commune
1111_RecA,s__Thermodesulfobacterium_geofontis
1112_RecA,s__Thermodesulfobacterium_hydrogeniphilum
1113_RecA,s__Kosmotoga_olearia
1114_RecA,s__Mesotoga_prima
1115_RecA,s__Mesoaciditoga_lauensis
1116_RecA,s__Marinitoga_piezophila
1117_RecA,s__Petrotoga_mobilis
1118_RecA,s__Fervidobacterium_pennivorans
1119_RecA,s__Thermosipho_melanesiensis
1120_RecA,s__Pseudothermotoga_thermarum
1121_RecA,s__Thermotoga_maritima
1122_RecA,s__Methylacidiphilum_fumariolicum
1123_RecA,s__Opitutus_terrae
1124_RecA,s__Coraliomargarita_akajimensis
1125_RecA,s__Chthoniobacter_flavus
1126_RecA,s__Akkermansia_muciniphila
1127_RecA,s__Rubritalea_marina
1128_RecA,s__Verrucomicrobium_sp._BvORR106
